/* ===================================== */
/* 清除表格原有数据                      */
/* ===================================== */

delete from dep_acct;

delete from cap_acct;

delete from trd_acct;

delete from cust_acct;

delete from acct_open_info;

delete from image;

delete from organization;

delete from opera_log;

delete from employee;

delete from user;

delete from pos_opera_rel;

delete from operation;

delete from position;

delete from sub_data_dict;

delete from main_data_dict;

delete from sys_para;

/* =================================== */
/* 插入岗位信息                        */
/* =================================== */

insert into position values
(
   1,
   "停职或离职员工"
),
(
   2,
   "审核员"
),
(
   3,
   "初级管理员"
),
(
   4,
   "高级管理员"
),
(
   5,
   "超级管理员"
),
(
   6,
   "资料未提交用户"
),
(
   7,
   "待审核用户"
),
(
   8,
   "未通过审核用户"
),
(
   9,
   "通过审核用户"
);

/* ===================================== */
/* 插入默认数据                          */
/* ===================================== */

insert into user values
(
   1, 
   "0", 
   18612345678, 
   "e10adc3949ba59abbe56e057f20f883e"
), 
(
   2, 
   "0", 
   18612345679, 
   "e10adc3949ba59abbe56e057f20f883e"
), 
(
   3, 
   "0", 
   18612345680, 
   "e10adc3949ba59abbe56e057f20f883e"
), 
(
   4, 
   "0", 
   18612345681, 
   "e10adc3949ba59abbe56e057f20f883e"
),
(
   5, 
   "1", 
   18600000000, 
   "e10adc3949ba59abbe56e057f20f883e"
), 
(
   6, 
   "1", 
   18600000001, 
   "e10adc3949ba59abbe56e057f20f883e"
), 
(
   7, 
   "1", 
   18600000002, 
   "e10adc3949ba59abbe56e057f20f883e"
),
(
   8, 
   "1", 
   18600000003, 
   "e10adc3949ba59abbe56e057f20f883e"
),
(
   9, 
   "1", 
   18600000004, 
   "e10adc3949ba59abbe56e057f20f883e"
),
(
   10, 
   "1", 
   18600000005, 
   "e10adc3949ba59abbe56e057f20f883e"
),
(
   11, 
   "1", 
   18600000006, 
   "e10adc3949ba59abbe56e057f20f883e"
),
(
   12, 
   "1", 
   18600000007, 
   "e10adc3949ba59abbe56e057f20f883e"
),
(
   13, 
   "0", 
   18610000000, 
   "e10adc3949ba59abbe56e057f20f883e"
),
(
   14, 
   "0", 
   18610000001, 
   "e10adc3949ba59abbe56e057f20f883e"
),
(
   15, 
   "0", 
   18610000002, 
   "e10adc3949ba59abbe56e057f20f883e"
),
(
   16, 
   "0", 
   18610000003, 
   "e10adc3949ba59abbe56e057f20f883e"
),
(
   17, 
   "0", 
   18610000004, 
   "e10adc3949ba59abbe56e057f20f883e"
),
(
   18, 
   "0", 
   18610000005, 
   "e10adc3949ba59abbe56e057f20f883e"
),
(
   19, 
   "0", 
   18610000006, 
   "e10adc3949ba59abbe56e057f20f883e"
),
(
   20, 
   "0", 
   18610000007, 
   "e10adc3949ba59abbe56e057f20f883e"
),
(
   21, 
   "0", 
   18610000008, 
   "e10adc3949ba59abbe56e057f20f883e"
),
(
   22, 
   "0", 
   18610000009, 
   "e10adc3949ba59abbe56e057f20f883e"
),
(
   23, 
   "0", 
   18610000010, 
   "e10adc3949ba59abbe56e057f20f883e"
),
(
   24, 
   "0", 
   18610000011, 
   "e10adc3949ba59abbe56e057f20f883e"
),
(
   25, 
   "0", 
   18610000012, 
   "e10adc3949ba59abbe56e057f20f883e"
),
(
   26, 
   "0", 
   18610000013, 
   "e10adc3949ba59abbe56e057f20f883e"
),
(
   27, 
   "0", 
   18610000014, 
   "e10adc3949ba59abbe56e057f20f883e"
),
(
   28, 
   "0", 
   18610000015, 
   "e10adc3949ba59abbe56e057f20f883e"
),
(
   29, 
   "0", 
   18610000016, 
   "e10adc3949ba59abbe56e057f20f883e"
),
(
   30, 
   "0", 
   18610000017, 
   "e10adc3949ba59abbe56e057f20f883e"
),
(
   31, 
   "0", 
   18610000018, 
   "e10adc3949ba59abbe56e057f20f883e"
),
(
   32, 
   "0", 
   18610000019, 
   "e10adc3949ba59abbe56e057f20f883e"
),
(
   33, 
   "0", 
   18610000020, 
   "e10adc3949ba59abbe56e057f20f883e"
),
(
   34, 
   "0", 
   18610000021, 
   "e10adc3949ba59abbe56e057f20f883e"
),
(
   35, 
   "1", 
   18600000008, 
   "e10adc3949ba59abbe56e057f20f883e"
),
(
   36, 
   "1", 
   18600000009, 
   "e10adc3949ba59abbe56e057f20f883e"
),
(
   37, 
   "1", 
   18600000010, 
   "e10adc3949ba59abbe56e057f20f883e"
),
(
   38, 
   "1", 
   18600000011, 
   "e10adc3949ba59abbe56e057f20f883e"
),
(
   39, 
   "0", 
   18610000022, 
   "e10adc3949ba59abbe56e057f20f883e"
),
(
   40, 
   "0", 
   18610000023, 
   "e10adc3949ba59abbe56e057f20f883e"
),
(
   41, 
   "0", 
   18610000024, 
   "e10adc3949ba59abbe56e057f20f883e"
),
(
   42, 
   "0", 
   18610000025, 
   "e10adc3949ba59abbe56e057f20f883e"
),
(
   43, 
   "0", 
   18610000026, 
   "e10adc3949ba59abbe56e057f20f883e"
),
(
   44, 
   "0", 
   18610000027, 
   "e10adc3949ba59abbe56e057f20f883e"
);

insert into organization values
(
   "0000", 
   "总部", 
   "北京", 
   18666666666
),
(
   "1000", 
   "广东广州营业部", 
   "广东广州", 
   18666666777
),
(
   "1001", 
   "广东深圳营业部", 
   "广东深圳", 
   18666666999
);

insert into employee values
(
   "0000123456789001",
   5, 
   5, 
   "爆豪", 
   446666199909094014, 
   18600000000, 
   "bh@scut.com", 
   "广东广州番禺区", 
   '0'
),
(
   "0000123456789002", 
   6, 
   5, 
   "王大蛇", 
   446666199909094016, 
   18600000001, 
   "wds@scut.com", 
   "广东广州番禺区", 
   '0'
),
(
   "0000123456789003", 
   7, 
   5, 
   "刘翔", 
   446666199909094018, 
   18600000002, 
   "lx@scut.com", 
   "广东广州番禺区", 
   '0'
),
(
   "0000123456789004", 
   8, 
   5, 
   "唐家小小少", 
   446666199909094030, 
   18600000003, 
   "tjxxs@scut.com", 
   "广东广州番禺区", 
   '0'
),
(
   "1000123456789005", 
   9, 
   4, 
   "琦玉", 
   446666199909094032, 
   18600000004, 
   "qy@scut.com", 
   "广东广州番禺区", 
   '0'
),
(
   "1001123456789006", 
   10, 
   3, 
   "绿谷出久", 
   446666199909094034, 
   18600000005, 
   "lgcj@scut.com", 
   "广东广州番禺区", 
   '0'
),
(
   "1000123456789007", 
   11, 
   2, 
   "龙卷", 
   446666199909094020, 
   18600000006, 
   "lj@scut.com", 
   "广东广州番禺区", 
   '0'
),
(
   "1001123456789008", 
   12, 
   1, 
   "饿狼", 
   446666199909094036, 
   18600000007, 
   "el@scut.com", 
   "广东广州番禺区", 
   '2'
),
(
   "1000123456789009", 
   35, 
   2, 
   "风", 
   446666199909094037, 
   18600000008, 
   "feng@scut.com", 
   "广东广州番禺区", 
   '0'
),
(
   "1001123456789010", 
   36, 
   2, 
   "火", 
   446666199909094038, 
   18600000009, 
   "huo@scut.com", 
   "广东广州番禺区", 
   '0'
),
(
   "1001123456789011", 
   37, 
   2, 
   "林", 
   446666199909094039, 
   18600000010, 
   "lin@scut.com", 
   "广东广州番禺区", 
   '0'
),
(
   "0000123456789012", 
   38, 
   2, 
   "山", 
   446666199909094050, 
   18600000011, 
   "shan@scut.com", 
   "广东广州番禺区", 
   '0'
);

insert into image values
(
   0, 
   "zxc", 
   "asd", 
   "qwe"
);

insert into acct_open_info values
(
   0, 
   1, 
   1,
   "豪", 
   '0', 
   '0', 
   "404040188808081010", 
   1300000000000, 
   1656518400000, 
   18612345678, 
   "h@z.com", 
   "广东茂名", 
   "程序员", 
   "腾讯", 
   '1', 
   "1000", 
   'A', 
   'A', 
   'A', 
   'A', 
   'A', 
   'A', 
   'A', 
   'A', 
   'A', 
   'A',
   20, 
   '0',
   "00",
   "1234560123456789", 
   '0',
   '00',
   '0',
   1600000000000,  
   '1',
   "0000123456789001",
   ""
),
(
   0, 
   2, 
   1,
   "旭", 
   '0', 
   '0', 
   "404040188808081011", 
   1300000000000, 
   1656518400000, 
   18612345679, 
   "x@z.com", 
   "安徽阜阳", 
   "程序员", 
   "腾讯", 
   '0', 
   "1001", 
   'A', 
   'A', 
   'A', 
   'A', 
   'A', 
   'A', 
   'A', 
   'A', 
   'A', 
   'A',
   20,
   '0', 
   "01",
   "1234560123456788",
   '0', 
   "00",
   '0',
   1600000000001,  
   '1',
   "0000123456789002",
   ""
),
(
   0, 
   3, 
   1,
   "王老板", 
   '0', 
   '1', 
   "404040188808081012", 
   1300000000000, 
   1656518400000, 
   18612345680, 
   "wlb@z.com", 
   "广东茂名", 
   "程序员", 
   "腾讯", 
   '1', 
   "1001", 
   'A', 
   'A', 
   'A', 
   'A', 
   'A', 
   'A', 
   'A', 
   'A', 
   'A', 
   'A',
   20,
   '0', 
   "02",
   "1234560123456787",
   'A', 
   "A0",
   '0',
   1600000000001,  
   '2',
   "0000123456789003",
   "性别选错"
),
(
   0, 
   13, 
   1,
   "甲", 
   '0', 
   '0', 
   "404040199901011010", 
   1300000000000, 
   1656518400000, 
   18610000000, 
   "x@x.com", 
   "广东广州", 
   "程序员", 
   "阿里巴巴", 
   '1', 
   "1000", 
   'A', 
   'A', 
   'A', 
   'A', 
   'A', 
   'A', 
   'A', 
   'A', 
   'A', 
   'A',
   20,
   '0', 
   "00",
   "1234560123123000",
   '0', 
   "00",
   '0',
   1600000000001,  
   '0',
   "",
   ""
),
(
   0, 
   14, 
   1,
   "乙", 
   '0', 
   '0', 
   "404040199901011011", 
   1300000000000, 
   1656518400000, 
   18610000001, 
   "x@x.com", 
   "广东广州", 
   "程序员", 
   "阿里巴巴", 
   '1', 
   "1000", 
   'A', 
   'A', 
   'A', 
   'A', 
   'A', 
   'A', 
   'A', 
   'A', 
   'A', 
   'A',
   20,
   '0', 
   "00",
   "1234560123123001",
   '0', 
   "00",
   '0',
   1600000000001,  
   '0',
   "",
   ""
),
(
   0, 
   15, 
   1,
   "丙", 
   '0', 
   '0', 
   "404040199901011012", 
   1300000000000, 
   1656518400000, 
   18610000002, 
   "x@x.com", 
   "广东广州", 
   "程序员", 
   "阿里巴巴", 
   '1', 
   "1000", 
   'A', 
   'A', 
   'A', 
   'A', 
   'A', 
   'A', 
   'A', 
   'A', 
   'A', 
   'A',
   20,
   '0', 
   "00",
   "1234560123123002",
   '0', 
   "00",
   '0',
   1600000000001,  
   '0',
   "",
   ""
),
(
   0, 
   16, 
   1,
   "丁", 
   '0', 
   '0', 
   "404040199901011013", 
   1300000000000, 
   1656518400000, 
   18610000003, 
   "x@x.com", 
   "广东广州", 
   "程序员", 
   "阿里巴巴", 
   '1', 
   "1000", 
   'A', 
   'A', 
   'A', 
   'A', 
   'A', 
   'A', 
   'A', 
   'A', 
   'A', 
   'A',
   20,
   '0', 
   "00",
   "1234560123123003",
   '0', 
   "00",
   '0',
   1600000000001,  
   '0',
   "",
   ""
),
(
   0, 
   17, 
   1,
   "戊", 
   '0', 
   '0', 
   "404040199901011014", 
   1300000000000, 
   1656518400000, 
   18610000004, 
   "x@x.com", 
   "广东广州", 
   "程序员", 
   "阿里巴巴", 
   '1', 
   "1000", 
   'A', 
   'A', 
   'A', 
   'A', 
   'A', 
   'A', 
   'A', 
   'A', 
   'A', 
   'A',
   20,
   '0', 
   "00",
   "1234560123123004",
   '0', 
   "00",
   '0',
   1600000000008,  
   '0',
   "",
   ""
),
(
   0, 
   18, 
   1,
   "己", 
   '0', 
   '0', 
   "404040199901011015", 
   1300000000000, 
   1656518400000, 
   18610000005, 
   "x@x.com", 
   "广东广州", 
   "程序员", 
   "阿里巴巴", 
   '1', 
   "1000", 
   'A', 
   'A', 
   'A', 
   'A', 
   'A', 
   'A', 
   'A', 
   'A', 
   'A', 
   'A',
   20,
   '0', 
   "00",
   "1234560123123005",
   '0', 
   "00",
   '0',
   1600000000009,  
   '0',
   "",
   ""
),
(
   0, 
   19, 
   1,
   "庚", 
   '0', 
   '0', 
   "404040199901011016", 
   1300000000000, 
   1656518400000, 
   18610000006, 
   "x@x.com", 
   "广东广州", 
   "程序员", 
   "阿里巴巴", 
   '1', 
   "1000", 
   'A', 
   'A', 
   'A', 
   'A', 
   'A', 
   'A', 
   'A', 
   'A', 
   'A', 
   'A',
   20,
   '0', 
   "00",
   "1234560123123006",
   '0', 
   "00",
   '0',
   1600000000010,  
   '0',
   "",
   ""
),
(
   0, 
   20, 
   1,
   "辛", 
   '0', 
   '0', 
   "404040199901011017", 
   1300000000000, 
   1656518400000, 
   18610000007, 
   "x@x.com", 
   "广东广州", 
   "程序员", 
   "阿里巴巴", 
   '1', 
   "1000", 
   'A', 
   'A', 
   'A', 
   'A', 
   'A', 
   'A', 
   'A', 
   'A', 
   'A', 
   'A',
   20,
   '0', 
   "00",
   "1234560123123007",
   '0', 
   "00",
   '0',
   1600000000011,  
   '0',
   "",
   ""
),
(
   0, 
   21, 
   1,
   "壬", 
   '0', 
   '0', 
   "404040199901011018", 
   1300000000000, 
   1656518400000, 
   18610000008, 
   "x@x.com", 
   "广东广州", 
   "程序员", 
   "阿里巴巴", 
   '1', 
   "1000", 
   'A', 
   'A', 
   'A', 
   'A', 
   'A', 
   'A', 
   'A', 
   'A', 
   'A', 
   'A',
   20,
   '0', 
   "00",
   "1234560123123008",
   '0', 
   "00",
   '0',
   1600000000012,  
   '0',
   "",
   ""
),
(
   0, 
   22, 
   1,
   "癸", 
   '0', 
   '0', 
   "404040199901011019", 
   1300000000000, 
   1656518400000, 
   18610000009, 
   "x@x.com", 
   "广东广州", 
   "程序员", 
   "阿里巴巴", 
   '1', 
   "1000", 
   'A', 
   'A', 
   'A', 
   'A', 
   'A', 
   'A', 
   'A', 
   'A', 
   'A', 
   'A',
   20,
   '0', 
   "00",
   "1234560123123009",
   '0', 
   "00",
   '0',
   1600000000013,  
   '0',
   "",
   ""
),
(
   0, 
   23, 
   1,
   "子", 
   '0', 
   '0', 
   "404040199901011030", 
   1300000000000, 
   1656518400000, 
   18610000010, 
   "x@x.com", 
   "广东广州", 
   "程序员", 
   "阿里巴巴", 
   '1', 
   "1000", 
   'A', 
   'A', 
   'A', 
   'A', 
   'A', 
   'A', 
   'A', 
   'A', 
   'A', 
   'A',
   20,
   '0', 
   "00",
   "1234560123123010",
   '0', 
   "00",
   '0',
   1600000000014,  
   '0',
   "",
   ""
),
(
   0, 
   24, 
   1,
   "丑", 
   '0', 
   '0', 
   "404040199901011031", 
   1300000000000, 
   1656518400000, 
   18610000011, 
   "x@x.com", 
   "广东广州", 
   "程序员", 
   "阿里巴巴", 
   '1', 
   "1000", 
   'A', 
   'A', 
   'A', 
   'A', 
   'A', 
   'A', 
   'A', 
   'A', 
   'A', 
   'A',
   20,
   '0', 
   "00",
   "1234560123123011",
   '0', 
   "00",
   '0',
   1600000000015,  
   '0',
   "",
   ""
),
(
   0, 
   25, 
   1,
   "寅", 
   '0', 
   '0', 
   "404040199901011032", 
   1300000000000, 
   1656518400000, 
   18610000012, 
   "x@x.com", 
   "广东广州", 
   "程序员", 
   "阿里巴巴", 
   '1', 
   "1000", 
   'A', 
   'A', 
   'A', 
   'A', 
   'A', 
   'A', 
   'A', 
   'A', 
   'A', 
   'A',
   20,
   '0', 
   "00",
   "1234560123123012",
   '0', 
   "00",
   '0',
   1600000000016,  
   '0',
   "",
   ""
),
(
   0, 
   26, 
   1,
   "卯", 
   '0', 
   '0', 
   "404040199901011033", 
   1300000000000, 
   1656518400000, 
   18610000013, 
   "x@x.com", 
   "广东广州", 
   "程序员", 
   "阿里巴巴", 
   '1', 
   "1000", 
   'A', 
   'A', 
   'A', 
   'A', 
   'A', 
   'A', 
   'A', 
   'A', 
   'A', 
   'A',
   20,
   '0', 
   "00",
   "1234560123123013",
   '0', 
   "00",
   '0',
   1600000000017,  
   '0',
   "",
   ""
),
(
   0, 
   27, 
   1,
   "辰", 
   '0', 
   '0', 
   "404040199901011034", 
   1300000000000, 
   1656518400000, 
   18610000014, 
   "x@x.com", 
   "广东广州", 
   "程序员", 
   "阿里巴巴", 
   '1', 
   "1000", 
   'A', 
   'A', 
   'A', 
   'A', 
   'A', 
   'A', 
   'A', 
   'A', 
   'A', 
   'A',
   20,
   '0', 
   "00",
   "1234560123123014",
   '0', 
   "00",
   '0',
   1600000000018,  
   '0',
   "",
   ""
),
(
   0, 
   28, 
   1,
   "巳", 
   '0', 
   '0', 
   "404040199901011035", 
   1300000000000, 
   1656518400000, 
   18610000015, 
   "x@x.com", 
   "广东广州", 
   "程序员", 
   "阿里巴巴", 
   '1', 
   "1000", 
   'A', 
   'A', 
   'A', 
   'A', 
   'A', 
   'A', 
   'A', 
   'A', 
   'A', 
   'A',
   20,
   '0', 
   "00",
   "1234560123123015",
   '0', 
   "00",
   '0',
   1600000000019,  
   '0',
   "",
   ""
),
(
   0, 
   29, 
   1,
   "午", 
   '0', 
   '0', 
   "404040199901011036", 
   1300000000000, 
   1656518400000, 
   18610000016, 
   "x@x.com", 
   "广东广州", 
   "程序员", 
   "阿里巴巴", 
   '1', 
   "1000", 
   'A', 
   'A', 
   'A', 
   'A', 
   'A', 
   'A', 
   'A', 
   'A', 
   'A', 
   'A',
   20,
   '0', 
   "00",
   "1234560123123016",
   '0', 
   "00",
   '0',
   1600000000020,  
   '0',
   "",
   ""
),
(
   0, 
   30, 
   1,
   "未", 
   '0', 
   '0', 
   "404040199901011037", 
   1300000000000, 
   1656518400000, 
   18610000017, 
   "x@x.com", 
   "广东广州", 
   "程序员", 
   "阿里巴巴", 
   '1', 
   "1000", 
   'A', 
   'A', 
   'A', 
   'A', 
   'A', 
   'A', 
   'A', 
   'A', 
   'A', 
   'A',
   20,
   '0', 
   "00",
   "1234560123123017",
   '0', 
   "00",
   '0',
   1600000000021,  
   '0',
   "",
   ""
),
(
   0, 
   31, 
   1,
   "申", 
   '0', 
   '0', 
   "404040199901011038", 
   1300000000000, 
   1656518400000, 
   18610000018, 
   "x@x.com", 
   "广东广州", 
   "程序员", 
   "阿里巴巴", 
   '1', 
   "1000", 
   'A', 
   'A', 
   'A', 
   'A', 
   'A', 
   'A', 
   'A', 
   'A', 
   'A', 
   'A',
   20,
   '0', 
   "00",
   "1234560123123018",
   '0', 
   "00",
   '0',
   1600000000022,  
   '0',
   "",
   ""
),
(
   0, 
   32, 
   1,
   "酉", 
   '0', 
   '0', 
   "404040199901011039", 
   1300000000000, 
   1656518400000, 
   18610000019, 
   "x@x.com", 
   "广东广州", 
   "程序员", 
   "阿里巴巴", 
   '1', 
   "1000", 
   'A', 
   'A', 
   'A', 
   'A', 
   'A', 
   'A', 
   'A', 
   'A', 
   'A', 
   'A',
   20,
   '0', 
   "00",
   "1234560123123019",
   '0', 
   "00",
   '0',
   1600000000023,  
   '0',
   "",
   ""
),
(
   0, 
   33, 
   1,
   "戌", 
   '0', 
   '0', 
   "404040199901011050", 
   1300000000000, 
   1656518400000, 
   18610000020, 
   "x@x.com", 
   "广东广州", 
   "程序员", 
   "阿里巴巴", 
   '1', 
   "1000", 
   'A', 
   'A', 
   'A', 
   'A', 
   'A', 
   'A', 
   'A', 
   'A', 
   'A', 
   'A',
   20,
   '0', 
   "00",
   "1234560123123020",
   '0', 
   "00",
   '0',
   1600000000024,  
   '0',
   "",
   ""
),
(
   0, 
   34, 
   1,
   "亥", 
   '0', 
   '0', 
   "404040199901011051", 
   1300000000000, 
   1656518400000, 
   1861000021, 
   "x@x.com", 
   "广东广州", 
   "程序员", 
   "阿里巴巴", 
   '1', 
   "1000", 
   'A', 
   'A', 
   'A', 
   'A', 
   'A', 
   'A', 
   'A', 
   'A', 
   'A', 
   'A',
   20,
   '0', 
   "00",
   "1234560123123021",
   '0', 
   "00",
   '0',
   1600000000025,  
   '0',
   "",
   ""
),
(
   0, 
   39, 
   1,
   "一", 
   '0', 
   '0', 
   "404040199901011052", 
   1300000000000, 
   1656518400000, 
   18610000022, 
   "x@x.com", 
   "广东广州", 
   "程序员", 
   "阿里巴巴", 
   '1', 
   "1000", 
   'A', 
   'A', 
   'A', 
   'A', 
   'A', 
   'A', 
   'A', 
   'A', 
   'A', 
   'A',
   20,
   '0', 
   "00",
   "1234560123123022",
   '0', 
   "00",
   '0',
   1600000000026,  
   '2',
   "0000123456789002",
   "照片不清"
),
(
   0, 
   40, 
   1,
   "二", 
   '0', 
   '0', 
   "404040199901011053", 
   1300000000000, 
   1656518400000, 
   18610000023, 
   "x@x.com", 
   "广东广州", 
   "程序员", 
   "阿里巴巴", 
   '1', 
   "1000", 
   'A', 
   'A', 
   'A', 
   'A', 
   'A', 
   'A', 
   'A', 
   'A', 
   'A', 
   'A',
   20,
   '0', 
   "00",
   "1234560123123023",
   '0', 
   "00",
   '0',
   1600000000027,  
   '2',
   "0000123456789002",
   "照片不清"
),
(
   0, 
   41, 
   1,
   "三", 
   '0', 
   '0', 
   "404040199901011054", 
   1300000000000, 
   1656518400000, 
   18610000024, 
   "x@x.com", 
   "广东广州", 
   "程序员", 
   "阿里巴巴", 
   '1', 
   "1000", 
   'A', 
   'A', 
   'A', 
   'A', 
   'A', 
   'A', 
   'A', 
   'A', 
   'A', 
   'A',
   20,
   '0', 
   "00",
   "1234560123123024",
   '0', 
   "00",
   '0',
   1600000000028,  
   '2',
   "0000123456789002",
   "照片不清"
),
(
   0, 
   42, 
   1,
   "四", 
   '0', 
   '0', 
   "404040199901011055", 
   1300000000000, 
   1656518400000, 
   18610000025, 
   "x@x.com", 
   "广东广州", 
   "程序员", 
   "阿里巴巴", 
   '1', 
   "1000", 
   'A', 
   'A', 
   'A', 
   'A', 
   'A', 
   'A', 
   'A', 
   'A', 
   'A', 
   'A',
   20,
   '0', 
   "00",
   "1234560123123025",
   '0', 
   "00",
   '0',
   1600000000029,  
   '2',
   "0000123456789002",
   "照片不清"
),
(
   0, 
   43, 
   1,
   "五", 
   '0', 
   '0', 
   "404040199901011056", 
   1300000000000, 
   1656518400000, 
   18610000026, 
   "x@x.com", 
   "广东广州", 
   "程序员", 
   "阿里巴巴", 
   '1', 
   "1000", 
   'A', 
   'A', 
   'A', 
   'A', 
   'A', 
   'A', 
   'A', 
   'A', 
   'A', 
   'A',
   20,
   '0', 
   "00",
   "1234560123123026",
   '0', 
   "00",
   '0',
   1600000000030,  
   '2',
   "0000123456789002",
   "照片不清"
),
(
   0, 
   44, 
   1,
   "六", 
   '0', 
   '0', 
   "404040199901011057", 
   1300000000000, 
   1656518400000, 
   18610000027, 
   "x@x.com", 
   "广东广州", 
   "程序员", 
   "阿里巴巴", 
   '1', 
   "1000", 
   'A', 
   'A', 
   'A', 
   'A', 
   'A', 
   'A', 
   'A', 
   'A', 
   'A', 
   'A',
   20,
   '0', 
   "00",
   "1234560123123027",
   '0', 
   "00",
   '0',
   1600000000031,  
   '2',
   "0000123456789002",
   "照片不清"
);

insert into cust_acct values
(
   "1000987654321001", 
   1, 
   1,
   "1000", 
   "豪", 
   '0', 
   '0', 
   404040188808081010, 
   1300000000000, 
   1656518400000, 
   18612345678, 
   "h@z.com", 
   "广东茂名",
   "程序员", 
   "腾讯",  
   '4', 
   '0', 
   1600000000000, 
   0, 
   '0'
),
(
   "1001987654321002", 
   2, 
   1,
   "1001", 
   "旭", 
   '0', 
   '0', 
   404040188808081011, 
   1300000000000, 
   1656518400000, 
   18612345679, 
   "x@z.com", 
   "安徽阜阳",
   "程序员", 
   "腾讯",  
   '4', 
   '0', 
   1600000000001, 
   0, 
   '0'
);

insert into trd_acct values
(
   "0012345678", 
   "1000987654321001", 
   '0', 
   "00", 
   '0', 
   '0', 
   1600000000000, 
   0, 
   '0'
),
(
   "0012345679", 
   "1001987654321002", 
   '0', 
   "00", 
   '0', 
   '0', 
   1600000000001, 
   0, 
   '0'
);

insert into cap_acct values
(
   "1000123123123001", 
   "1000987654321001", 
   "1000", 
   "e10adc3949ba59abbe56e057f20f883e", 
   '0',
   true, 
   '0', 
   1600000000000, 
   0, 
   '0'
),
(
   "1001123123123002", 
   "1001987654321002", 
   "1001", 
   "e10adc3949ba59abbe56e057f20f883e", 
   '0',
   true, 
   '0', 
   1600000000001, 
   0, 
   '0'
);

insert into dep_acct values
(
   "1000123123123001", 
   "1000123123123001", 
   "00", 
   "1234560123456789", 
   1600000000000, 
   0, 
   '0'
),
(
   "1001123123123002", 
   "1001123123123002", 
   "01", 
   "1234560123456788", 
   1600000000001, 
   0, 
   '0'
);

/* ================================== */
/* 初始化数据字典信息                 */
/* ================================== */
insert into main_data_dict values
(
   1, 
   "性别", 
   "GENDER", 
   "acct_open_info"
),
(
   2,
   "证件类型",
   "ID_TYPE",
   "acct_open_info"
),
(
   3,
   "学历",
   "EDUCATION",
   "acct_open_info"
),
(
   4,
   "银行类型",
   "BANK_TYPE",
   "acct_open_info"
),
(
   5,
   "开户渠道",
   "OPEN_CHANNEL",
   "acct_open_info"
),
(
   6,
   "状态",
   "INFO_STATUS",
   "acct_open_info"
),
(
   7,
   "性别",
   "GENDER",
   "cust_acct"
),
(
   8,
   "证件类型",
   "ID_TYPE",
   "cust_acct"
),
(
   9,
   "学历",
   "EDUCATION",
   "cust_acct"
),
(
   10,
   "投资者类型",
   "INVESTOR_TYPE",
   "cust_acct"
),
(
   11,
   "状态",
   "CUST_STATUS",
   "cust_acct"
),
(
   12,
   "银行类型",
   "BANK_TYPE",
   "dep_acct"
),
(
   13,
   "状态",
   "DEP_STATUS",
   "dep_acct"
),
(
   14,
   "币种",
   "CURRENCY",
   "cap_acct"
),
(
   15,
   "属性",
   "ATTR",
   "cap_acct"
),
(
   16,
   "状态",
   "CAP_STATUS",
   "cap_acct"
),
(
   17,
   "员工状态",
   "EMPLOYEE_STATUS",
   "employee"
),
(
   18,
   "用户类型",
   "USER_TYPE",
   "user"
),
(
   19,
   "交易所",
   "STK_EX",
   "trd_acct"
),
(
   20,
   "交易板块",
   "STK_BD",
   "trd_acct"
),
(
   21,
   "客户类型",
   "CUST_TYPE",
   "trd_acct"
),
(
   22,
   "交易单元",
   "TRD_UNIT",
   "trd_acct"
),
(
   23,
   "状态",
   "TDR_STATUS",
   "trd_acct"
),
(
   24,
   "投资者类型",
   "INVESTOR_TYPE",
   "acct_open_info"
),
(
   25,
   "交易所",
   "STK_EX",
   "acct_open_info"
),
(
   26,
   "交易板块",
   "STK_BD",
   "acct_open_info"
);


insert into sub_data_dict values
(
   0, 
   1, 
   "0", 
   "男"
),
(
   0, 
   1, 
   "1", 
   "女"
),
(
   0, 
   2, 
   "0", 
   "居民身份证"
),
(
   0, 
   2, 
   "1", 
   "营业执照"
),
(
   0, 
   3, 
   "0", 
   "研究生"
),
(
   0, 
   3, 
   "1", 
   "本科"
),
(
   0, 
   3, 
   "2", 
   "专科"
),
(
   0, 
   3, 
   "3", 
   "高中"
),
(
   0, 
   3, 
   "4", 
   "初中"
),
(
   0, 
   3, 
   "5", 
   "中学以下"
),
(
   0, 
   4, 
   "00", 
   "中国工商银行"
),
(
   0, 
   4, 
   "01", 
   "中国农业银行"
),
(
   0, 
   4, 
   "02", 
   "中国银行"
),
(
   0, 
   4, 
   "03", 
   "中国建设银行"
),
(
   0, 
   4, 
   "04", 
   "中国光大银行"
),
(
   0, 
   4, 
   "05", 
   "中国民生银行"
),
(
   0, 
   4, 
   "06", 
   "招商银行"
),
(
   0, 
   4, 
   "07", 
   "华夏银行"
),
(
   0, 
   4, 
   "08", 
   "交通银行"
),
(
   0, 
   4, 
   "09", 
   "兴业银行"
),
(
   0, 
   4, 
   "10", 
   "恒丰银行"
),
(
   0, 
   4, 
   "11", 
   "中信银行"
),
(
   0, 
   4, 
   "12", 
   "上海浦东发展银行"
),
(
   0, 
   4, 
   "13", 
   "广东发展银行"
),
(
   0, 
   4, 
   "14", 
   "深圳发展银行"
),
(
   0, 
   5, 
   "0", 
   "PC端"
),
(
   0, 
   5, 
   "1", 
   "手机端"
),
(
   0, 
   6, 
   "0", 
   "待审核"
),
(
   0, 
   6, 
   "1", 
   "审核通过"
),
(
   0, 
   6, 
   "2", 
   "审核不通过"
),
(
   0, 
   6, 
   "3", 
   "审核中"
),
(
   0, 
   7, 
   "0", 
   "男"
),
(
   0, 
   7, 
   "1", 
   "女"
),
(
   0, 
   8, 
   "0", 
   "居民身份证"
),
(
   0, 
   8, 
   "1", 
   "营业执照"
),
(
   0, 
   9, 
   "0", 
   "研究生"
),
(
   0, 
   9, 
   "1", 
   "本科"
),
(
   0, 
   9, 
   "2", 
   "专科"
),
(
   0, 
   9, 
   "3", 
   "高中"
),
(
   0, 
   9, 
   "4", 
   "初中"
),
(
   0, 
   9, 
   "5", 
   "中学以下"
),
(
   0, 
   10, 
   "0", 
   "保守"
),
(
   0, 
   10, 
   "1", 
   "稳健"
),
(
   0, 
   10, 
   "2", 
   "激进"
),
(
   0, 
   11, 
   "0", 
   "正常"
),
(
   0, 
   11, 
   "1", 
   "冻结"
),
(
   0, 
   11, 
   "2", 
   "销户"
),
(
   0, 
   12, 
   "00", 
   "中国工商银行"
),
(
   0, 
   12, 
   "01", 
   "中国农业银行"
),
(
   0, 
   12, 
   "02", 
   "中国银行"
),
(
   0, 
   12, 
   "03", 
   "中国建设银行"
),
(
   0, 
   12, 
   "04", 
   "中国光大银行"
),
(
   0, 
   12, 
   "05", 
   "中国民生银行"
),
(
   0, 
   12, 
   "06", 
   "招商银行"
),
(
   0, 
   12, 
   "07", 
   "华夏银行"
),
(
   0, 
   12, 
   "08", 
   "交通银行"
),
(
   0, 
   12, 
   "09", 
   "兴业银行"
),
(
   0, 
   12, 
   "10", 
   "恒丰银行"
),
(
   0, 
   12, 
   "11", 
   "中信银行"
),
(
   0, 
   12, 
   "12", 
   "上海浦东发展银行"
),
(
   0, 
   12, 
   "13", 
   "广东发展银行"
),
(
   0, 
   12, 
   "14", 
   "深圳发展银行"
),
(
   0, 
   13, 
   "0", 
   "正常"
),
(
   0, 
   13, 
   "1", 
   "冻结"
),
(
   0, 
   13, 
   "2", 
   "销户"
),
(
   0, 
   14, 
   "0", 
   "人民币"
),
(
   0, 
   15, 
   "0", 
   "普通账户"
),
(
   0, 
   15, 
   "1", 
   "信用账户"
),
(
   0, 
   16, 
   "0", 
   "正常"
),
(
   0, 
   16, 
   "1", 
   "冻结"
),
(
   0, 
   16, 
   "2", 
   "销户"
),
(
   0,
   17,
   "0",
   "在职"
),
(
   0,
   17,
   "1",
   "停职"
),
(
   0,
   17,
   "2",
   "离职"
),
(
   0,
   18,
   "0",
   "客户"
),
(
   0,
   18,
   "1",
   "员工"
),
(
   0,
   19,
   "0",
   "深圳证券交易所"
),
(
   0,
   19,
   "A",
   "上海证券交易所"
),
(
   0,
   20,
   "00",
   "深A"
),
(
   0,
   20,
   "01",
   "深B"
),
(
   0,
   20,
   "A0",
   "沪A"
),
(
   0,
   20,
   "A1",
   "沪B"
),
(
   0,
   21,
   "0",
   "个人投资者"
),
(
   0,
   21,
   "1",
   "一般机构法人"
),
(
   0,
   21,
   "2",
   "金融类公司"
),
(
   0,
   22,
   "0",
   "散户通道"
),
(
   0,
   22,
   "1",
   "大宗通道"
),
(
   0,
   22,
   "2",
   "VIP通道"
),
(
   0,
   23,
   "0",
   "正常"
),
(
   0,
   23,
   "1",
   "冻结"
),
(
   0,
   23,
   "2",
   "销户"
),
(
   0, 
   24, 
   "0", 
   "保守"
),
(
   0, 
   24, 
   "1", 
   "稳健"
),
(
   0, 
   24, 
   "2", 
   "激进"
),
(
   0,
   25,
   "0",
   "深圳证券交易所"
),
(
   0,
   25,
   "A",
   "上海证券交易所"
),
(
   0,
   26,
   "00",
   "深A"
),
(
   0,
   26,
   "01",
   "深B"
),
(
   0,
   26,
   "A0",
   "沪A"
),
(
   0,
   26,
   "A1",
   "沪B"
);

/* =================================== */
/* 插入操作信息                        */
/* =================================== */

insert into operation values
(
   1,
   "员工登录",
   "/employee/login",
   "POST"
),
(
   2,
   "获取员工列表",
   "/employee",
   "GET"
),
(
   3,
   "根据姓名获取员工列表",
   "/employee/name",
   "GET"
),
(
   4,
   "新增员工账号",
   "/employee",
   "POST"
),
(
   5,
   "修改员工信息",
   "/employee",
   "PUT"
),
(
   6,
   "删除员工",
   "/employee",
   "DELETE"
),
(
   7,
   "获取用户列表",
   "/user/all-users",
   "GET"
),
(
   8,
   "获取待审核用户列表",
   "/user/unaudited-users",
   "GET"
),
(
   9,
   "根据机构获取用户列表",
   "/user/organization",
   "GET"
),
(
   10,
   "用户审核",
   "/user/audit",
   "PUT"
),
(
   11,
   "获取所有系统参数",
   "/system-parameter",
   "GET"
),
(
   12,
   "修改系统参数",
   "/system-parameter",
   "PUT"
),
(
   13,
   "获取所有数据字典信息",
   "/data-dictionary",
   "GET"
),
(
   14,
   "根据字段名获取数据字典信息",
   "/data-dictionary/column",
   "GET"
),
(
   15,
   "获取数据字典的所有字段信息",
   "/data-dictionary/columns",
   "GET"
),
(
   16,
   "增加数据字典信息",
   "/data-dictionary",
   "POST"
),
(
   17,
   "修改数据字典信息",
   "/data-dictionary",
   "PUT"
),
(
   18,
   "删除数据字典信息",
   "/data-dictionary",
   "DELETE"
),
(
   19,
   "获取操作记录",
   "/operation-log",
   "GET"
),
(
   20,
   "根据操作人员获取操作记录",
   "/operation-log/name",
   "GET"
),
(
   21,
   "根据时间段获取操作记录",
   "/operation-log/time",
   "GET"
),
(
   22,
   "获取机构列表",
   "/organization",
   "GET"
),
(
   23,
   "增加机构",
   "/organization",
   "POST"
),
(
   24,
   "修改机构信息",
   "/organization",
   "PUT"
),
(
   25,
   "删除机构",
   "/organization",
   "DELETE"
),
(
   26,
   "根据输入字段获取机构列表",
   "/organization/name",
   "GET"
),
(
   27,
   "获取首页信息",
   "/manage/index",
   "GET"
),
(
   28,
   "获取某时间段员工审核用户列表",
   "/user/audit/employee/time",
   "GET"
),
(
   29,
   "注册用户",
   "/user/register",
   "POST"
),
(
   30,
   "用户登录",
   "/user/login",
   "POST"
),
(
   31,
   "修改用户密码",
   "/user/password",
   "PUT"
),
(
   32,
   "获取验证码",
   "/user/check-code",
   "GET"
),
(
   33,
   "获取用户审核资料",
   "/user/account-opening-info",
   "GET"
),
(
   34,
   "提交资料审核",
   "/user/account-opening-info",
   "POST"
),
(
   35,
   "获取用户审核状态",
   "/user/account-opening-info/status",
   "GET"
),
(
   36,
   "获取机构列表",
   "/organization/list",
   "GET"
),
(
   37,
   "获取学历",
   "/education",
   "GET"
),
(
   38,
   "获取银行列表",
   "/bank",
   "GET"
),
(
   39,
   "获取客户账户信息",
   "/user/customer-account",
   "GET"
),
(
   40,
   "获取证券账户信息",
   "/user/trade-account",
   "GET"
),
(
   41,
   "获取存管账户信息",
   "/user/depository-account",
   "GET"
),
(
   42,
   "获取资金账户信息",
   "/user/capital-account",
   "GET"
),
(
   43,
   "增加资金账户",
   "/user/capital-account",
   "POST"
),
(
   44,
   "修改资金密码",
   "/user/capital-account",
   "PUT"
),
(
   45,
   "存储图像",
   "/image",
   "POST"
);

/* =================================== */
/* 插入岗位与操作关系的信息            */
/* =================================== */

insert into pos_opera_rel values
(
   0,
   1,
   1
),
(
   0,
   1,
   27
),
(
   0,
   2,
   1
),
(
   0,
   2,
   8
),
(
   0,
   2,
   10
),
(
   0,
   2,
   27
),
(
   0,
   2,
   28
),
(
   0,
   2,
   33
),
(
   0,
   3,
   1
),
(
   0,
   3,
   2
),
(
   0,
   3,
   3
),
(
   0,
   3,
   5
),
(
   0,
   3,
   7
),
(
   0,
   3,
   9
),
(
   0,
   3,
   11
),
(
   0,
   3,
   13
),
(
   0,
   3,
   14
),
(
   0,
   3,
   19
),
(
   0,
   3,
   20
),
(
   0,
   3,
   21
),
(
   0,
   3,
   22
),
(
   0,
   3,
   26
),
(
   0,
   3,
   27
),
(
   0,
   3,
   39
),
(
   0,
   3,
   40
),
(
   0,
   3,
   41
),
(
   0,
   3,
   42
),
(
   0,
   4,
   1
),
(
   0,
   4,
   2
),
(
   0,
   4,
   3
),
(
   0,
   4,
   5
),
(
   0,
   4,
   7
),
(
   0,
   4,
   9
),
(
   0,
   4,
   11
),
(
   0,
   4,
   12
),
(
   0,
   4,
   13
),
(
   0,
   4,
   14
),
(
   0,
   4,
   15
),
(
   0,
   4,
   16
),
(
   0,
   4,
   17
),
(
   0,
   4,
   18
),
(
   0,
   4,
   19
),
(
   0,
   4,
   20
),
(
   0,
   4,
   21
),
(
   0,
   4,
   22
),
(
   0,
   4,
   23
),
(
   0,
   4,
   24
),
(
   0,
   4,
   25
),
(
   0,
   4,
   26
),
(
   0,
   4,
   27
),
(
   0,
   4,
   28
),
(
   0,
   4,
   39
),
(
   0,
   4,
   40
),
(
   0,
   4,
   41
),
(
   0,
   4,
   42
),
(
   0,
   5,
   1
),
(
   0,
   5,
   2
),
(
   0,
   5,
   3
),
(
   0,
   5,
   4
),
(
   0,
   5,
   5
),
(
   0,
   5,
   6
),
(
   0,
   5,
   7
),
(
   0,
   5,
   8
),
(
   0,
   5,
   9
),
(
   0,
   5,
   10
),
(
   0,
   5,
   11
),
(
   0,
   5,
   12
),
(
   0,
   5,
   13
),
(
   0,
   5,
   14
),
(
   0,
   5,
   15
),
(
   0,
   5,
   16
),
(
   0,
   5,
   17
),
(
   0,
   5,
   18
),
(
   0,
   5,
   19
),
(
   0,
   5,
   20
),
(
   0,
   5,
   21
),
(
   0,
   5,
   22
),
(
   0,
   5,
   23
),
(
   0,
   5,
   24
),
(
   0,
   5,
   25
),
(
   0,
   5,
   26
),
(
   0,
   5,
   27
),
(
   0,
   5,
   28
),
(
   0,
   5,
   33
),
(
   0,
   5,
   39
),
(
   0,
   5,
   40
),
(
   0,
   5,
   41
),
(
   0,
   5,
   42
),
(
   0,
   6,
   29
),
(
   0,
   6,
   30
),
(
   0,
   6,
   31
),
(
   0,
   6,
   32
),
(
   0,
   6,
   34
),
(
   0,
   6,
   36
),
(
   0,
   6,
   37
),
(
   0,
   6,
   38
),
(
   0,
   6,
   45
),
(
   0,
   7,
   29
),
(
   0,
   7,
   30
),
(
   0,
   7,
   31
),
(
   0,
   7,
   32
),
(
   0,
   7,
   33
),
(
   0,
   7,
   35
),
(
   0,
   7,
   36
),
(
   0,
   7,
   37
),
(
   0,
   7,
   38
),
(
   0,
   8,
   29
),
(
   0,
   8,
   30
),
(
   0,
   8,
   31
),
(
   0,
   8,
   32
),
(
   0,
   8,
   33
),
(
   0,
   8,
   34
),
(
   0,
   8,
   35
),
(
   0,
   8,
   36
),
(
   0,
   8,
   37
),
(
   0,
   8,
   38
),
(
   0,
   8,
   45
),
(
   0,
   9,
   29
),
(
   0,
   9,
   30
),
(
   0,
   9,
   31
),
(
   0,
   9,
   32
),
(
   0,
   9,
   33
),
(
   0,
   9,
   35
),
(
   0,
   9,
   36
),
(
   0,
   9,
   37
),
(
   0,
   9,
   38
),
(
   0,
   9,
   39
),
(
   0,
   9,
   40
),
(
   0,
   9,
   41
),
(
   0,
   9,
   42
),
(
   0,
   9,
   43
),
(
   0,
   9,
   44
),
(
   0,
   9,
   45
);

/* =================================== */
/* 插入系统参数                        */
/* =================================== */

insert into sys_para values
(
   0, 
   "pageSize", 
   "10"
),
(
   0, 
   "otpExpSec", 
   "900"
);

